qpcr_scheme	score	deltaG	length	start	stop	seq
QPCR_SCHEME_0	4.2	-2.9	157	366	523	carggtgtgaagagcctattgagctacatragartcctccggcccctgaatgcggctaatccyaaccwyggagcaggyrgNyyrcramccagyrryyrgcytgtcgtaacgcgcaagtcygtggcggaaccgactactttgggtgtccgtgtttcct
QPCR_SCHEME_1	14.4	0.4	91	5860	5951	aargtcatygggatgcaygttggwgggaayggttcrcaygggttygcrgcggccctraagcgrtcatacttcactcagakycaaggtgara
QPCR_SCHEME_2	15.2	0.5	118	7242	7360	agctaaaatyagragygtrccaatyggragagcwttrytgctcccmgagtactchacaytgtaccgccgttggctygactcwttttagtaaccctacctcagtcgaattggattgggt
QPCR_SCHEME_3	21.5	0.2	125	4854	4979	ytsaacatggcmatggcwactgaraygtgyNaarractgycaycaaccagcaaaNcttyaaragatgytgtccwttagtgtgtggyaaggcaattcarttaatggayaaatcytccagrgttagr
